title,company,location,link
NodeJS developer,Ensis Technologies,+1 locationRemote,https://www.indeed.com/viewjob?jk=4f197c427510b395&from=serp&vjs=3
Nodejs Developer,Kitestring,"Bentonville, AR 72712",https://www.indeed.com/viewjob?jk=4d982585d74a55f9&from=serp&vjs=3
Junior Developer (AngularJS/NodeJS),Mobistreak,"San Jose, CA",https://www.indeed.com/viewjob?jk=040c582e1967b96e&from=serp&vjs=3
Software engineer,Sticker Mule,Remote,https://www.indeed.com/viewjob?jk=1756e7b0298d0eb8&from=serp&vjs=3
NodeJS Backend developer,Dow Technologies and Systems,United States,https://www.indeed.com/viewjob?jk=80a0df3f8f40e13b&from=serp&vjs=3
NodeJS Developer,TechTrend,Remote,https://www.indeed.com/viewjob?jk=4c6165db84bfe9ab&from=serp&vjs=3
Front End Developer,Moda Health,"Portland, OR 97204 (Downtown area)",https://www.indeed.com/viewjob?jk=ae8e1489f510cf1a&from=serp&vjs=3
"Frontend Developer (AngularJS (w) NodeJS) | Oakland, CA (Rem...",Apexon,"Temporarily Remote in Oakland, CA",https://www.indeed.com/viewjob?jk=b841e619cfd1a5e8&from=serp&vjs=3
Senior NodeJS Developer,SynopticIT,"Coral Springs, FL",https://www.indeed.com/viewjob?jk=e7d0d96b9f25db52&from=serp&vjs=3
NodeJS Developer,Right Talents,Remote+1 location,https://www.indeed.com/viewjob?jk=a34d0b9758d3ecbf&from=serp&vjs=3
NodeJS Developer,ICF,"Remote in Washington, DC",https://www.indeed.com/viewjob?jk=404209c919149818&from=serp&vjs=3
ReactJS/NodeJS Developer,Highbrow-Tech,Remote+1 location,https://www.indeed.com/viewjob?jk=697e481bdd894038&from=serp&vjs=3
NodeJS Integration Developer,AlphaPoint,Remote,https://www.indeed.com/viewjob?jk=f0d5f2d387d04d94&from=serp&vjs=3
eCommerce Front End Engineer,PepsiCo,"Remote in New York, NY+1 location",https://www.indeed.com/viewjob?jk=0cf365e4a0e974ba&from=serp&vjs=3
Electron/NodeJS Developer | NodeJS | Austin | Under Armour,Photon,"Dallas, TX 75234+2 locations",https://www.indeed.com/viewjob?jk=e9b932c5839689e6&from=serp&vjs=3
Front End Engineer,Qualia,Remote,https://www.indeed.com/viewjob?jk=e8aaa6a172bc89c8&from=serp&vjs=3
"Senior Software Developer ""NodeJS""",Beck's Hybrids,"Atlanta, IN 46031",https://www.indeed.com/viewjob?jk=d6cbdcda3facf746&from=serp&vjs=3
Senior Developer - NodeJs,MDfit,"Wexford, PA 15090",https://www.indeed.com/viewjob?jk=17d97612e9f5fa75&from=serp&vjs=3
NodeJS/Frontend/UI/MEAN Developers,CloudBC Labs,Remote in Wyoming,https://www.indeed.com/viewjob?jk=226420f1a6cfade3&from=serp&vjs=3
Full Stack Developer,Bank of America,"New York, NY+2 locations",https://www.indeed.com/viewjob?jk=a98653ce2915a90f&from=serp&vjs=3
Junior Developer,MDfit,"Wexford, PA 15090",https://www.indeed.com/viewjob?jk=7f07227e3f76788d&from=serp&vjs=3
Senior Software Engineer - React / NodeJS (Remote),Veho,"Remote in Denver, CO",https://www.indeed.com/viewjob?jk=70d1c854682747f5&from=serp&vjs=3
Nodejs Developer,Florence Healthcare,"Atlanta, GA 30308 (Downtown area)",https://www.indeed.com/viewjob?jk=03fb1585e6f8be0c&from=serp&vjs=3
Junior Software Developer,NetCapital,"Boston, MA",https://www.indeed.com/viewjob?jk=37ff2cd0ca986b72&from=serp&vjs=3
Website Developer,SUNCOR FINANCIAL LLC,"Gilbert, AZ 85234",https://www.indeed.com/viewjob?jk=d24894b041513f0b&from=serp&vjs=3
NodeJS/AWS developer - Contract (REMOTE),Broadridge,"Remote in New York, NY",https://www.indeed.com/viewjob?jk=d5549e1cce404415&from=serp&vjs=3
NodeJS Developer,Sara Technologies,"San Diego, CA 92127",https://www.indeed.com/viewjob?jk=f3350c46423c1372&from=serp&vjs=3
Backend Developer,Pentasia,Remote,https://www.indeed.com/viewjob?jk=b7f954dcecd8f078&from=serp&vjs=3
Front-end Engineer,Blocknative Corporation,United States,https://www.indeed.com/viewjob?jk=53d88810b8ae4433&from=serp&vjs=3
Sr. Software Engineer (REMOTE),Piper Companies,"Remote in Raleigh, NC+1 location",https://www.indeed.com/viewjob?jk=ff78d636b592a0da&from=serp&vjs=3
Frontend Engineer,Customer Acquisition,Remote,https://www.indeed.com/viewjob?jk=e4b19d3f307fb24c&from=serp&vjs=3
Google Cloud Platform DevOps,Denken Solutions Inc,"Remote in San Francisco, CA",https://www.indeed.com/viewjob?jk=146d164a6834e3a4&from=serp&vjs=3
Fullstack Developer,The Recount,"Remote in New York, NY",https://www.indeed.com/viewjob?jk=0d9cab8f84c5ea78&from=serp&vjs=3
FrontEnd Developer (Remote),Remote Jobs,Remote,https://www.indeed.com/viewjob?jk=179e8410c9a554c6&from=serp&vjs=3
"Web Engineer - Javascript, NodeJS, React",Amex,"New York, NY",https://www.indeed.com/viewjob?jk=7867bce2090b7abf&from=serp&vjs=3
NodeJS-Developer,Celandyne Software Solutions,"Santa Clara, CA 95050",https://www.indeed.com/viewjob?jk=cde7d889f247af83&from=serp&vjs=3
Senior Web developer,Simcoe IT,"Mobile, AL",https://www.indeed.com/viewjob?jk=1d2e3a203479a960&from=serp&vjs=3
Campus - Fresher Software Developer Trainee,LeewayHertz,Remote,https://www.indeed.com/viewjob?jk=bc5cb7cc792d8e8f&from=serp&vjs=3
"Nodejs Developer | San Bruno, CA",Apexon,"Temporarily Remote in San Bruno, CA",https://www.indeed.com/viewjob?jk=f92562116f3d0d09&from=serp&vjs=3
NodeJS Developer,Avtex,Remote,https://www.indeed.com/viewjob?jk=d986d1a15854f75d&from=serp&vjs=3
Technology Lead - NodeJS,ChaiOne,Remote,https://www.indeed.com/viewjob?jk=a1bbe87b3c31cd89&from=serp&vjs=3
Talented Backend Developer (JavaScript/NodeJS/HapiJS),Mobistreak,"San Jose, CA",https://www.indeed.com/viewjob?jk=e2b9fc4c577d264b&from=serp&vjs=3
Senior Backend Engineer (NodeJS),Codelitt,Remote,https://www.indeed.com/viewjob?jk=474ab4700fa16546&from=serp&vjs=3
Full Stack Developer,MyVillage,Remote,https://www.indeed.com/viewjob?jk=784f18c4dd2978e5&from=serp&vjs=3
Full-Stack Dev - LocumBase,Founders Factory,Remote,https://www.indeed.com/viewjob?jk=7e6733e4342b74c4&from=serp&vjs=3
Sr .NET Developer,Mindfire Technology,"Salt Lake City, UT",https://www.indeed.com/viewjob?jk=71e9fdabec9c5c81&from=serp&vjs=3
Software Engineer,Veridic Solutions,Remote in United States,https://www.indeed.com/viewjob?jk=09a8e911c00fd62a&from=serp&vjs=3
Senior Back End Engineer - NodeJS,Grid Dynamics,"Dallas, TX 75024",https://www.indeed.com/viewjob?jk=fe10861ffcf02e6a&from=serp&vjs=3
Fullstack Developer (ReactJS/NodeJS),Softologies,"Baltimore, MD",https://www.indeed.com/viewjob?jk=aac4faff838b0821&from=serp&vjs=3
"Software Engineer, Chat Solutions",GameOn Technology,"Remote in San Francisco, CA",https://www.indeed.com/viewjob?jk=c4bfae09296d8797&from=serp&vjs=3
Fullstack Developer (ReactJS/NodeJS),Softologies,"Baltimore, MD",https://www.indeed.com/viewjob?jk=aac4faff838b0821&from=serp&vjs=3
Senior Software Engineer - Backend NodeJS - Remote,CyberCube,"Remote in San Francisco, CA",https://www.indeed.com/viewjob?jk=88ba672e8fb75ec5&from=serp&vjs=3
Full Stack Developer,ETALON Equine Genetics,Remote,https://www.indeed.com/viewjob?jk=25bad4c102bd4a60&from=serp&vjs=3
NodeJS/AWS developer - Contract (REMOTE),Broadridge,"Remote in New York, NY",https://www.indeed.com/viewjob?jk=d5549e1cce404415&from=serp&vjs=3
Backend Developer,Pentasia,Remote,https://www.indeed.com/viewjob?jk=b7f954dcecd8f078&from=serp&vjs=3
Front End Developer,Moda Health,"Portland, OR 97204 (Downtown area)",https://www.indeed.com/viewjob?jk=ae8e1489f510cf1a&from=serp&vjs=3
Jr. Software Engineer,Amazon.com Services LLC,"Austin, TX+126 locations",https://www.indeed.com/viewjob?jk=0cb32a0efd2b9f17&from=serp&vjs=3
Web Developer - NodeJS (Express),Insomniac Design,"Washington, DC 20001 (Logan Circle area)",https://www.indeed.com/viewjob?jk=bd1fb021c1797e54&from=serp&vjs=3
Front End Engineer,Synchrony,"Remote in New York, NY",https://www.indeed.com/viewjob?jk=c939bd23d68930bc&from=serp&vjs=3
Front End Developer,Fusion92,"Chicago, IL 60654 (River North area)",https://www.indeed.com/viewjob?jk=0c34568e94012d93&from=serp&vjs=3
Full Stack Developer,Amadeus,"Atlanta, GA",https://www.indeed.com/viewjob?jk=01b428c9f3776bf2&from=serp&vjs=3
Fullstack Developer,The Recount,"Remote in New York, NY",https://www.indeed.com/viewjob?jk=0d9cab8f84c5ea78&from=serp&vjs=3
JavaScript Coach,Laboratoria,Remote,https://www.indeed.com/viewjob?jk=2c3cda98115ca1c3&from=serp&vjs=3
Electron/NodeJS Developer | NodeJS | Austin | Under Armour,Photon,"Dallas, TX 75234+2 locations",https://www.indeed.com/viewjob?jk=e9b932c5839689e6&from=serp&vjs=3
Python Developer / AWS Developer,CriticalRiver Inc.,"San Francisco, CA",https://www.indeed.com/viewjob?jk=3478661616ee2464&from=serp&vjs=3
eCommerce Front End Engineer,PepsiCo,"Remote in New York, NY+1 location",https://www.indeed.com/viewjob?jk=0cf365e4a0e974ba&from=serp&vjs=3
Senior Software Engineer - React / NodeJS (Remote),Veho,"Remote in Denver, CO",https://www.indeed.com/viewjob?jk=70d1c854682747f5&from=serp&vjs=3
Software Developers,General Dynamics Information Technology,+1 locationRemote,https://www.indeed.com/viewjob?jk=926b0632ca6e48f3&from=serp&vjs=3
WordPress Developer,Interactive One,"New York, NY 10004 (Financial District area)",https://www.indeed.com/viewjob?jk=c57e6f47216e1f0e&from=serp&vjs=3
Front End Development Engineer*,Virtual Service Operations,Remote,https://www.indeed.com/viewjob?jk=3ebee30c8f012cc7&from=serp&vjs=3
JavaScript Developer,eXp Realty,"Dallas, TX",https://www.indeed.com/viewjob?jk=73b4daf5e492714c&from=serp&vjs=3
Junior Back-End Engineer,Rebrandly,Remote,https://www.indeed.com/viewjob?jk=9a5a56c0cddfcf7c&from=serp&vjs=3
Software Engineer,"Lexmark International, Inc.","Boulder, CO 80301",https://www.indeed.com/viewjob?jk=667bb4480d0d5b32&from=serp&vjs=3
NodeJS/Frontend/UI/MEAN Developers,CloudBC Labs,Remote in Wyoming,https://www.indeed.com/viewjob?jk=226420f1a6cfade3&from=serp&vjs=3
Senior Back End Engineer - NodeJS,Grid Dynamics,"Dallas, TX 75024",https://www.indeed.com/viewjob?jk=fe10861ffcf02e6a&from=serp&vjs=3
Software Engineer - NodeJS,Workfully,"Chicago, IL 60604 (Loop area)",https://www.indeed.com/viewjob?jk=67462fb7509653a9&from=serp&vjs=3
React Web Developer,Cryptospace,"San Pedro, CA",https://www.indeed.com/viewjob?jk=085df229bacb3ac1&from=serp&vjs=3
"Senior Software Developer ""NodeJS""",Beck's Hybrids,"Atlanta, IN 46031",https://www.indeed.com/viewjob?jk=d6cbdcda3facf746&from=serp&vjs=3
Full Stack Developer,Bank of America,"New York, NY+2 locations",https://www.indeed.com/viewjob?jk=a98653ce2915a90f&from=serp&vjs=3
AWS / NodeJS Software Engineer -- Remote - US,TTEC,"Temporarily Remote in Westlake, OH",https://www.indeed.com/viewjob?jk=a276d0c2566f6178&from=serp&vjs=3
PHP/Laravel Developers,oktara,Remote,https://www.indeed.com/viewjob?jk=a7c530f3dab1eb5c&from=serp&vjs=3
Senior Web developer,Simcoe IT,"Mobile, AL",https://www.indeed.com/viewjob?jk=1d2e3a203479a960&from=serp&vjs=3
Front End Developer,AVB,Remote,https://www.indeed.com/viewjob?jk=745344e8315c9972&from=serp&vjs=3
Software Engineer - Backend Team (Remote Eligible - US),Dashlane,"Remote in New York, NY+2 locations",https://www.indeed.com/viewjob?jk=e56c912acac5c81b&from=serp&vjs=3
Full Stack React/Node.js Software Engineer,Studylog Systems,Remote,https://www.indeed.com/viewjob?jk=6ecd55d50c26e265&from=serp&vjs=3
Frontend Developer (X2),Pura,"Pleasant Grove, UT",https://www.indeed.com/viewjob?jk=1c5ada72c5f37c95&from=serp&vjs=3
"Security Software Engineer, University Graduate 2022",TikTok,"Mountain View, CA 94041 (Old Mountain View area)",https://www.indeed.com/viewjob?jk=402e3e36a16a344d&from=serp&vjs=3
Lead Web Developer - Full Time,Harvest Christian Fellowship,"Riverside, CA 92504",https://www.indeed.com/viewjob?jk=ac11ca5fe8ca023b&from=serp&vjs=3
Front End Web Developer,Safex Blockchain,"Miami, FL",https://www.indeed.com/viewjob?jk=eace9e32824291fd&from=serp&vjs=3
BACK-END ENGINEER,STAND 8,"Los Angeles, CA+1 location",https://www.indeed.com/viewjob?jk=6c3d5795c6c5adb4&from=serp&vjs=3
"Back End Engineer, Exchange Team",Tableau,"Seattle, WA",https://www.indeed.com/viewjob?jk=d5c7f7040f9f1964&from=serp&vjs=3
Frontend Engineer,Avenue Code,+1 locationRemote,https://www.indeed.com/viewjob?jk=052ccd09a5512091&from=serp&vjs=3
Backend Software Developer (Geodata) - REMOTE,Tier Mobility GmbH,+4 locationsRemote,https://www.indeed.com/viewjob?jk=92066d3c3a1a27f5&from=serp&vjs=3
Web Designer and Developer,Quotient inc,Remote,https://www.indeed.com/viewjob?jk=a981eeacfa02f4ab&from=serp&vjs=3
eCommerce Front End Developer,GROOVE COMMERCE,United States,https://www.indeed.com/viewjob?jk=a8f75eb99fdb6b3d&from=serp&vjs=3
Front End Application Developer,Studio71,Remote,https://www.indeed.com/viewjob?jk=fd1513ae7088e5bb&from=serp&vjs=3
Software Engineers,ANB Systems,"Houston, TX 77056 (Uptown area)",https://www.indeed.com/viewjob?jk=1894d045326eb0a1&from=serp&vjs=3
Senior SDET,Medidata Solutions,+1 locationRemote,https://www.indeed.com/viewjob?jk=569e3b8b0fded1de&from=serp&vjs=3
"Full Stack Web Engineer - Javascript, NodeJS, React",Amex,"New York, NY+5 locations",https://www.indeed.com/viewjob?jk=1329febf46e8e8be&from=serp&vjs=3
Java Developer,Qcentrio,"Memphis, TN+2 locations",https://www.indeed.com/viewjob?jk=061ffa8675d4cfac&from=serp&vjs=3
Front End SDE,"Amazon Dev Center U.S., Inc.","Boston, MA",https://www.indeed.com/viewjob?jk=981757addda7cf1a&from=serp&vjs=3
Java Developer,Qcentrio,"Memphis, TN+2 locations",https://www.indeed.com/viewjob?jk=061ffa8675d4cfac&from=serp&vjs=3
Full-Stack Developer,Theodo,"New York, NY+1 location",https://www.indeed.com/viewjob?jk=679c81ef836f8654&from=serp&vjs=3
Software Engineer,Veridic Solutions,Remote in United States,https://www.indeed.com/viewjob?jk=09a8e911c00fd62a&from=serp&vjs=3
Software Developer,Coterra Energy,"Houston, TX 77024 (Greater Memorial area)",https://www.indeed.com/viewjob?jk=bcbb0192efe0ad2e&from=serp&vjs=3
Senior .NET Developer – Remote,Pumex Computing,Remote,https://www.indeed.com/viewjob?jk=dd299af44ad81238&from=serp&vjs=3
Software Engineer,Unusual Ventures,Remote+1 location,https://www.indeed.com/viewjob?jk=58f9da20a2b21ea5&from=serp&vjs=3
Back-End Software Developer Career,Caxy Interactive,"Hybrid remote in Chicago, IL",https://www.indeed.com/viewjob?jk=9ab0579ae311b96f&from=serp&vjs=3
Front-end Engineer,Blocknative Corporation,United States,https://www.indeed.com/viewjob?jk=53d88810b8ae4433&from=serp&vjs=3
Mobile Developer,Safex Blockchain,"Miami, FL",https://www.indeed.com/viewjob?jk=50b88d751c3e6ee2&from=serp&vjs=3
Software Engineer,Sage,"Lawrenceville, GA",https://www.indeed.com/viewjob?jk=47425ed1dc33f019&from=serp&vjs=3
Web Application Developer,Intone Networks,"Remote in Houston, TX",https://www.indeed.com/viewjob?jk=fb8ac07f4e766925&from=serp&vjs=3
Software Engineer,Clozd,"Lehi, UT",https://www.indeed.com/viewjob?jk=be9cdd433cc7ce6c&from=serp&vjs=3
"Nodejs Developer | San Bruno, CA",Apexon,"Temporarily Remote in San Bruno, CA",https://www.indeed.com/viewjob?jk=f92562116f3d0d09&from=serp&vjs=3
Full Stack Software Developer,Transportation Insight,"Atlanta, GA",https://www.indeed.com/viewjob?jk=795b3780a1f41496&from=serp&vjs=3
Software Developer,Cognitio,"Herndon, VA",https://www.indeed.com/viewjob?jk=527fe06df17075c5&from=serp&vjs=3
Full Stack Developer - IoT,Senet,"Portsmouth, NH 03801",https://www.indeed.com/viewjob?jk=e3a58786e88c0462&from=serp&vjs=3
Full Stack Developer,Honeywell,"Atlanta, GA 30308 (Midtown area)",https://www.indeed.com/viewjob?jk=f85299835f7704f5&from=serp&vjs=3
Senior NodeJS Developer,SK Intertainment,"Chicago, IL 60647",https://www.indeed.com/viewjob?jk=3d31ad926c3c33cf&from=serp&vjs=3
Software Engineer (Angular Front End Engineer),Radian,"Denver, CO 80203 (Capitol Hill area)+1 location",https://www.indeed.com/viewjob?jk=20cd7f977c5001a3&from=serp&vjs=3
IoT Technical Solutions Engineer I,Avnet,"Denver, CO",https://www.indeed.com/viewjob?jk=506be29c454be882&from=serp&vjs=3
Sr .NET Developer,Mindfire Technology,"Salt Lake City, UT",https://www.indeed.com/viewjob?jk=71e9fdabec9c5c81&from=serp&vjs=3
Backend Developer (X2),Pura,"Pleasant Grove, UT 84062",https://www.indeed.com/viewjob?jk=fdfb5c8b38a04325&from=serp&vjs=3
Front End Developer,Low Latency Recruiting,"Portland, OR",https://www.indeed.com/viewjob?jk=53cd6f8b77889f8d&from=serp&vjs=3
Java Developer (Back-end),Intone Networks,Remote,https://www.indeed.com/viewjob?jk=bcc4c4f2229aed86&from=serp&vjs=3
Frontend Developer,Financial Times,Remote in New York State+1 location,https://www.indeed.com/viewjob?jk=2ccc97c95cc63fbd&from=serp&vjs=3
Backend Software Engineer,Foxbox,"Chicago, IL",https://www.indeed.com/viewjob?jk=392ebcb791eb02ee&from=serp&vjs=3
Front End Developer,Payment Approved,"Austin, TX 78704 (Bouldin Creek area)",https://www.indeed.com/viewjob?jk=002be96167eb6b75&from=serp&vjs=3
"Staff Software Engineer (NodeJS, ReactJS)",Unqork,Remote in New York State,https://www.indeed.com/viewjob?jk=7bb9cab575d6e1b7&from=serp&vjs=3
Software Developer,Byte Systems,"Herndon, VA 20171",https://www.indeed.com/viewjob?jk=042c92700ae0924f&from=serp&vjs=3
Software Engineer,Adobe,"Lehi, UT 84043+2 locations",https://www.indeed.com/viewjob?jk=2837fe3a14f89ae5&from=serp&vjs=3
Software Developer (Dallas / Chicago),BMO Harris Bank,"Irving, TX (Las Colinas Urban Center area)",https://www.indeed.com/viewjob?jk=5edd0f9581bb07a5&from=serp&vjs=3
Full Stack Developer,Veriti,"Washington, DC",https://www.indeed.com/viewjob?jk=b5d08ee37eff8a73&from=serp&vjs=3
"Associate Engineer, Software (WebDev)",Verint Systems Inc.,Remote,https://www.indeed.com/viewjob?jk=f46aa8075b5da2f6&from=serp&vjs=3
Software Engineer - Labs,State Farm,"Hybrid remote in Bloomington, IL+1 location",https://www.indeed.com/viewjob?jk=0258b4fb72ee42c5&from=serp&vjs=3
Full Stack Developer - (React + Node),Photon,"Chicago, IL 60603 (Loop area)+3 locations",https://www.indeed.com/viewjob?jk=822b659400396c52&from=serp&vjs=3
Software Engineer 1,Jacobs,"Hudson, NH 03051",https://www.indeed.com/viewjob?jk=ecee3c622830bc55&from=serp&vjs=3
Senior UI Developer,Grid Dynamics,"Austin, TX 78753 (Windsor Hills area)+1 location",https://www.indeed.com/viewjob?jk=b263d4aa1c15a154&from=serp&vjs=3
Sitecore Developer (Mastery),MassMutual,"Boston, MA 02124 (South Dorchester area)",https://www.indeed.com/viewjob?jk=f9f375ffc91baf60&from=serp&vjs=3
Software Engineer,Seeconds,Remote,https://www.indeed.com/viewjob?jk=c5e729e019a97902&from=serp&vjs=3
2022 EPM Full Stack Developer Co-op,IBM,"Research Triangle Park, NC 27709+6 locations",https://www.indeed.com/viewjob?jk=895b9e0908cb53f7&from=serp&vjs=3
Senior Quality Assurance Engineer,BookNook,Remote,https://www.indeed.com/viewjob?jk=1aa1738b2fcebfc2&from=serp&vjs=3
Sr. Backend Engineer - Society6,Leaf Group,Remote,https://www.indeed.com/viewjob?jk=558f811c559c4e18&from=serp&vjs=3
Software Engineer,Lendio,"Hybrid remote in Lehi, UT",https://www.indeed.com/viewjob?jk=ca24499820f910ee&from=serp&vjs=3
Staff Software Engineer,Ancestry,+1 locationRemote,https://www.indeed.com/viewjob?jk=62a2c33b01a6b0ae&from=serp&vjs=3
Frontend Software Engineer,AerisWeather,"Eden Prairie, MN 55344",https://www.indeed.com/viewjob?jk=ff0313676f19e0fa&from=serp&vjs=3
Software Engineer,MiTek Inc.,"Greenwood Village, CO",https://www.indeed.com/viewjob?jk=eb37f58f49fdba1c&from=serp&vjs=3
Web and Mobile Application Developer,Hofstra University,"Hempstead, NY 11549",https://www.indeed.com/viewjob?jk=230b8fb15daf776a&from=serp&vjs=3
Software Engineer,Jumpcloud,+2 locationsRemote,https://www.indeed.com/viewjob?jk=a42d38b2db7cddce&from=serp&vjs=3
Senior Backend Engineer (Remote Available),OneRail,"Remote in Orlando, FL",https://www.indeed.com/viewjob?jk=2069987c5eaf8652&from=serp&vjs=3
"Staff Software Engineer, Typescript",Bestow,+1 locationRemote,https://www.indeed.com/viewjob?jk=0b5ea5ad04600341&from=serp&vjs=3
Software Developer (Dallas / Chicago),BMO Harris Bank,"Irving, TX (Las Colinas Urban Center area)",https://www.indeed.com/viewjob?jk=5edd0f9581bb07a5&from=serp&vjs=3
Backend Software Developer (Geodata) - REMOTE,Tier Mobility GmbH,+3 locationsRemote,https://www.indeed.com/viewjob?jk=92066d3c3a1a27f5&from=serp&vjs=3
Senior Quality Assurance Engineer,BookNook,Remote,https://www.indeed.com/viewjob?jk=1aa1738b2fcebfc2&from=serp&vjs=3
DevOpS Engineer,HEXACT,Remote,https://www.indeed.com/viewjob?jk=9961af909ba0728c&from=serp&vjs=3
Python Developer / AWS Developer,CriticalRiver Inc.,"San Francisco, CA",https://www.indeed.com/viewjob?jk=3478661616ee2464&from=serp&vjs=3
Senior Backend Engineer,Restaurant Brands International,"Miami, FL",https://www.indeed.com/viewjob?jk=b10aedcea4d94f2d&from=serp&vjs=3
Java Developer with Cybersecurity,Intone Networks,Remote,https://www.indeed.com/viewjob?jk=be4e4ea4f5622d0e&from=serp&vjs=3
Devops Engineer,ServerGuy,Remote,https://www.indeed.com/viewjob?jk=e1d5104449468ee5&from=serp&vjs=3
Software Developer,"Foursight Capital, LLC.","Salt Lake City, UT 84111 (Central City area)",https://www.indeed.com/viewjob?jk=13da3a90da2d3212&from=serp&vjs=3
Full Stack Web Developer,Envative,"Remote in Rochester, NY",https://www.indeed.com/viewjob?jk=dba7096f0ac6e1e4&from=serp&vjs=3
Full Stack Developer,Amadeus,"Atlanta, GA",https://www.indeed.com/viewjob?jk=01b428c9f3776bf2&from=serp&vjs=3
Software Developer,Cognitio,"Herndon, VA",https://www.indeed.com/viewjob?jk=527fe06df17075c5&from=serp&vjs=3
Mobile Developer,Safex Blockchain,"Miami, FL",https://www.indeed.com/viewjob?jk=50b88d751c3e6ee2&from=serp&vjs=3
Software Developers,General Dynamics Information Technology,+2 locationsRemote,https://www.indeed.com/viewjob?jk=926b0632ca6e48f3&from=serp&vjs=3
Front End Developer,Fusion92,"Chicago, IL 60654 (River North area)",https://www.indeed.com/viewjob?jk=0c34568e94012d93&from=serp&vjs=3
Java Back End Developer,Mind World,Remote,https://www.indeed.com/viewjob?jk=e0d84dad85782848&from=serp&vjs=3
.Net Full-Stack Web Application Developer,NETESSY,"Rochester, NY",https://www.indeed.com/viewjob?jk=b15d08bc0e10ce0c&from=serp&vjs=3
Software Engineer,Jumpcloud,+1 locationRemote,https://www.indeed.com/viewjob?jk=a42d38b2db7cddce&from=serp&vjs=3
Frontend Engineer,Avenue Code,+1 locationRemote,https://www.indeed.com/viewjob?jk=052ccd09a5512091&from=serp&vjs=3
Senior Front-End Software Engineer,Curate,"Remote in St. Louis, MO",https://www.indeed.com/viewjob?jk=f0604e7de5cbf4cd&from=serp&vjs=3
Software Engineer,Bill.com,United States+3 locations,https://www.indeed.com/viewjob?jk=e98da296f41a899b&from=serp&vjs=3
Software Engineers,ANB Systems,"Houston, TX 77056 (Uptown area)",https://www.indeed.com/viewjob?jk=1894d045326eb0a1&from=serp&vjs=3
".Net Full Stack Developer - Hermitage, TN",Apexon,"Remote in Hermitage, TN",https://www.indeed.com/viewjob?jk=64b43a919a3f96fe&from=serp&vjs=3
Back-End Software Developer Career,Caxy Interactive,"Hybrid remote in Chicago, IL",https://www.indeed.com/viewjob?jk=9ab0579ae311b96f&from=serp&vjs=3
Java Developer,Qcentrio,"Memphis, TN+4 locations",https://www.indeed.com/viewjob?jk=061ffa8675d4cfac&from=serp&vjs=3
Software Engineer (Angular Front End Engineer),Radian,"Denver, CO 80203 (Capitol Hill area)+2 locations",https://www.indeed.com/viewjob?jk=20cd7f977c5001a3&from=serp&vjs=3
Software Engineer – Mobile Application,Presidio Identity,Remote,https://www.indeed.com/viewjob?jk=bcdc8e21be9e3095&from=serp&vjs=3
IoT Technical Solutions Engineer I,Avnet,"Denver, CO",https://www.indeed.com/viewjob?jk=506be29c454be882&from=serp&vjs=3
DevOps Engineer,Atos,"Las Vegas, NV",https://www.indeed.com/viewjob?jk=63c58dec03dea49c&from=serp&vjs=3
Senior Fullstack Developers,Softrams,+4 locationsRemote,https://www.indeed.com/viewjob?jk=f9eea991c5cc6011&from=serp&vjs=3
Full-Stack Developer,Theodo,"New York, NY+1 location",https://www.indeed.com/viewjob?jk=679c81ef836f8654&from=serp&vjs=3
Front End Web Developer,Safex Blockchain,"Miami, FL",https://www.indeed.com/viewjob?jk=eace9e32824291fd&from=serp&vjs=3
Full Stack Developer,Honeywell,"Atlanta, GA 30308 (Midtown area)+1 location",https://www.indeed.com/viewjob?jk=f85299835f7704f5&from=serp&vjs=3
"Backend Engineer - Developer Experience, Crypto/Payments",kraken,Remote,https://www.indeed.com/viewjob?jk=17e8eb50e804de65&from=serp&vjs=3
Software Engineer,John Deere,"Moline, IL 61265+3 locations",https://www.indeed.com/viewjob?jk=86e70a8e5f3b67a4&from=serp&vjs=3
Front End Developer,Codvo.ai,"Remote in San Francisco, CA",https://www.indeed.com/viewjob?jk=ce64de0de2983026&from=serp&vjs=3
Software Developer,Coterra Energy,"Houston, TX 77024 (Greater Memorial area)",https://www.indeed.com/viewjob?jk=bcbb0192efe0ad2e&from=serp&vjs=3
"Associate Engineer, Software (WebDev)",Verint Systems Inc.,+1 locationRemote,https://www.indeed.com/viewjob?jk=f46aa8075b5da2f6&from=serp&vjs=3
Staff Web (React) Developer REQ,ICE Mortgage Technology,"Provo, UT 84604 (Riverbottoms area)+1 location",https://www.indeed.com/viewjob?jk=7a3cc00780e091ec&from=serp&vjs=3
Sr. Backend Engineer - Society6,Leaf Group,Remote,https://www.indeed.com/viewjob?jk=558f811c559c4e18&from=serp&vjs=3
Senior FrontEnd Developer,LT Technology Services,"Dallas, TX",https://www.indeed.com/viewjob?jk=ffb3ebc06f3cdfd7&from=serp&vjs=3
Senior Backend Engineer,Fitted,+1 locationRemote,https://www.indeed.com/viewjob?jk=834561f2bbe4c0e6&from=serp&vjs=3
Sr Developer (Reactjs or Node),Nuvento systems,Remote,https://www.indeed.com/viewjob?jk=b6621664fec968d8&from=serp&vjs=3
Front End Developer,Low Latency Recruiting,"Portland, OR",https://www.indeed.com/viewjob?jk=53cd6f8b77889f8d&from=serp&vjs=3
Software Engineer,Unusual Ventures,Remote+2 locations,https://www.indeed.com/viewjob?jk=58f9da20a2b21ea5&from=serp&vjs=3
Full Stack Developer,Sales Boomerang,United States,https://www.indeed.com/viewjob?jk=cbc063cda972ae98&from=serp&vjs=3
Software Development Manager (REMOTE),cloudteam,"Remote in Philadelphia, PA",https://www.indeed.com/viewjob?jk=19b7094567691e38&from=serp&vjs=3
Full Stack Software Developer,Transportation Insight,"Atlanta, GA",https://www.indeed.com/viewjob?jk=795b3780a1f41496&from=serp&vjs=3
AppD Senior Software Engineer (nodeJS),AppDynamics,"San Francisco, CA 94107 (Financial District/South Beach area)+1 location",https://www.indeed.com/viewjob?jk=1be4f9353ec91c81&from=serp&vjs=3
Full Stack Web Developer,Envative,"Remote in Rochester, NY",https://www.indeed.com/viewjob?jk=dba7096f0ac6e1e4&from=serp&vjs=3
Java Developer - (IS&T),Pinnacle Group,"Sunnyvale, CA",https://www.indeed.com/viewjob?jk=01bdb414fef5a0b5&from=serp&vjs=3
Sr Software Engineer,GHX,"Louisville, CO 80027",https://www.indeed.com/viewjob?jk=9ce9afff3869c9ad&from=serp&vjs=3
Full Stack Developer,Trellus INC,Remote,https://www.indeed.com/viewjob?jk=527ba6dbbb1ee9d5&from=serp&vjs=3
Front End Developer,Codvo.ai,"Remote in San Francisco, CA",https://www.indeed.com/viewjob?jk=ce64de0de2983026&from=serp&vjs=3
Senior Fullstack Developers,Softrams,+4 locationsRemote,https://www.indeed.com/viewjob?jk=f9eea991c5cc6011&from=serp&vjs=3
Full Stack Web Developer,Wright State University,"Dayton, OH 45435",https://www.indeed.com/viewjob?jk=502f5a614496c1b6&from=serp&vjs=3
Front End & Back End Developer,Alchemy Technologies,"Irvine, CA",https://www.indeed.com/viewjob?jk=1ca95b0fe8133520&from=serp&vjs=3
"Staff Software Engineer, Typescript",Bestow,Remote,https://www.indeed.com/viewjob?jk=0b5ea5ad04600341&from=serp&vjs=3
"Staff Software Engineer, GraphQL/TypeScript/NodeJS Server",SiriusXM,"Oakland, CA 94612+3 locations",https://www.indeed.com/viewjob?jk=26553eee428b235e&from=serp&vjs=3
Senior Frontend Software Engineer,"Side, Inc.",Remote,https://www.indeed.com/viewjob?jk=852e1940f93263e0&from=serp&vjs=3
React Developer (Virtual role),LOCKHEED MARTIN CORPORATION,"Marietta, GA 30063",https://www.indeed.com/viewjob?jk=98c955e8c6eb3a64&from=serp&vjs=3
UI Developer,Deloitte,"Los Angeles, CA 90013 (Downtown area)+58 locations",https://www.indeed.com/viewjob?jk=a30edfab143106f3&from=serp&vjs=3
Senior iOS Engineer,Outside Online,"Remote in Boulder, CO",https://www.indeed.com/viewjob?jk=8da6768546ae7015&from=serp&vjs=3
Senior UI Software Engineer,Universal-Robots,"Boston, MA",https://www.indeed.com/viewjob?jk=6faaa8af81e6468c&from=serp&vjs=3
Full Stack Software Engineer,Everyday Health - Consumer,"New York, NY 10011 (Chelsea area)",https://www.indeed.com/viewjob?jk=a5a62c7a4b3854d9&from=serp&vjs=3
Full Stack NodeJs Developer,AR XTLabs,Delaware,https://www.indeed.com/viewjob?jk=ad754bb5be500b3f&from=serp&vjs=3
Engineer Software - Kansas (Multiple Openings),T-Mobile,"Overland Park, KS 66213+3 locations",https://www.indeed.com/viewjob?jk=d7d5b5b33bc62848&from=serp&vjs=3
Web UI Developer,Globant,"San Francisco, CA",https://www.indeed.com/viewjob?jk=f92e4a099a665a2c&from=serp&vjs=3
.Net Full-Stack Web Application Developer,NETESSY,"Rochester, NY",https://www.indeed.com/viewjob?jk=b15d08bc0e10ce0c&from=serp&vjs=3
Ssr+ Angular2+ Full-Stack Developer,EQUIPO ALTERNO,United States,https://www.indeed.com/viewjob?jk=cade265a9b5f1d53&from=serp&vjs=3
AWS/ Node JS Consultatn,Miracle Software Systems,Connecticut,https://www.indeed.com/viewjob?jk=54d1b0ad74b9ffe6&from=serp&vjs=3
Fullstack Engineer,Boom Entertainment,Remote+1 location,https://www.indeed.com/viewjob?jk=21a29c86dc842f2a&from=serp&vjs=3
"EverCommerce – Software Engineer, Enterprise Integrations (R...",improveit 360,"Remote in Republic, MO",https://www.indeed.com/viewjob?jk=c19ea4dd63229046&from=serp&vjs=3
Senior Backend Engineer (m/f/x),ultimate.ai,Remote,https://www.indeed.com/viewjob?jk=9b78436c0cef8935&from=serp&vjs=3
AWS Software Engineer,"Quaychain Technologies, Inc",Remote,https://www.indeed.com/viewjob?jk=af672a8ce3edbc20&from=serp&vjs=3
"Software Engineer, C# .NET",Koalafi,"Arlington County, VA",https://www.indeed.com/viewjob?jk=212212b3ba5e9f68&from=serp&vjs=3
Front End Web Developer,Tailored Shared Services,"Fremont, CA 94538 (Baylands area)",https://www.indeed.com/viewjob?jk=f105253b47925743&from=serp&vjs=3
Redpoint Software Engineer I,Memorial Sloan Kettering Cancer Center,"New York, NY 10017 (Turtle Bay area)+1 location",https://www.indeed.com/viewjob?jk=4a9336aa3f299c75&from=serp&vjs=3
Senior Developer,Intercontinental Exchange,"Chicago, IL 60616 (South Loop area)+1 location",https://www.indeed.com/viewjob?jk=53ea047077d1d7d6&from=serp&vjs=3
Web Developer (Back-End),LEADERSHIP BUSINESS CONSULTING,"Back, TX",https://www.indeed.com/viewjob?jk=ef166dd4b848d960&from=serp&vjs=3
Junior Android Developer,Capgemini,"Malvern, PA",https://www.indeed.com/viewjob?jk=f9c00fffe76f2195&from=serp&vjs=3
Senior DevOps Engineer,Documo,Remote+1 location,https://www.indeed.com/viewjob?jk=26d1ffecc7813a6b&from=serp&vjs=3
Front End Developer,Pinnacle Group,"Sunnyvale, CA+3 locations",https://www.indeed.com/viewjob?jk=4562a7d5901ab86a&from=serp&vjs=3
Lead Shopify Developer,Absolute Web Services,"Los Angeles, CA",https://www.indeed.com/viewjob?jk=d2d5a664ee94f647&from=serp&vjs=3
Software Engineering and Programming Associate,Baylor College of Medicine,"Houston, TX 77030 (Medical Center area)",https://www.indeed.com/viewjob?jk=211398fee0b77e56&from=serp&vjs=3
Software Engineer,Cleo (hicleo.com),Remote,https://www.indeed.com/viewjob?jk=3d96a04a865b48b0&from=serp&vjs=3
React Native Developers,Xanda,"Start, LA",https://www.indeed.com/viewjob?jk=29f2166d0ab4e29a&from=serp&vjs=3
Software Engineer,Baker Hughes,"New Orleans, LA+1 location",https://www.indeed.com/viewjob?jk=fa2bd539001b370e&from=serp&vjs=3
Staff Software Engineer REQ,ICE Mortgage Technology,"Pleasanton, CA 94588",https://www.indeed.com/viewjob?jk=fa20ca9ce1e5c744&from=serp&vjs=3
Full Stack Developer,Sales Boomerang,United States,https://www.indeed.com/viewjob?jk=cbc063cda972ae98&from=serp&vjs=3
Software Engineer,Liberty Mutual Insurance,+4 locationsRemote,https://www.indeed.com/viewjob?jk=dfc3fdc0b82342e3&from=serp&vjs=3
C# Software Engineer,AlphaPoint,Remote,https://www.indeed.com/viewjob?jk=d6a14910b56b6a4f&from=serp&vjs=3
Software Engineer,Reliv International,"Hybrid remote in Chesterfield, MO",https://www.indeed.com/viewjob?jk=9d7be4db6dcc7710&from=serp&vjs=3
Principal Software Engineer - Java,GHX,Remote,https://www.indeed.com/viewjob?jk=9cff3c28ed299aee&from=serp&vjs=3
"Software Engineering Team Lead, FinTech",Snap! Raise,+1 locationRemote,https://www.indeed.com/viewjob?jk=46093f3d99d020b1&from=serp&vjs=3
Senior React Engineer- Savage X Fenty,Savage X,"Remote in El Segundo, CA",https://www.indeed.com/viewjob?jk=b542ad3422ca437d&from=serp&vjs=3
Java/.Net Developer,Alter Trading,"St. Louis, MO 63141",https://www.indeed.com/viewjob?jk=d3f7ba5ef547cb3c&from=serp&vjs=3
Software Engineer,BoomTown,"Charleston, SC",https://www.indeed.com/viewjob?jk=4e34b69568ff2666&from=serp&vjs=3
Senior Fullstack Engineer (NodeJs + React) (Remote),HackerRank,Remote in California+1 location,https://www.indeed.com/viewjob?jk=bb39c34ec40b7dbc&from=serp&vjs=3
"NodeJS Engineer - NYC (or Seattle, LA)",econify,"New York, NY",https://stackoverflow.com/jobs/283490
"Senior Software Engineer – AWS, NodeJS, Serverless",LifeOmic,"Indianapolis, IN",https://stackoverflow.com/jobs/519002
"full-stack web developer (node.js, typescript)",code d'azur,"Amsterdam, Netherlands",https://stackoverflow.com/jobs/522428
Node.js Typescript Developer,Arcanys,No office location,https://stackoverflow.com/jobs/556112
Node.js Developer,Supermetrics Oy,No office location,https://stackoverflow.com/jobs/566096
Node.js Developer (Remote),Soshace LLC,No office location,https://stackoverflow.com/jobs/566208
Full-Stack Javascript Developer (Node.js / React / Next.js),OOZOU,No office location,https://stackoverflow.com/jobs/565669
Node.js Developer (Remote),X-Team,No office location,https://stackoverflow.com/jobs/534451
Sr. Software Engineer (Node.JS or Java),Genesys,No office location,https://stackoverflow.com/jobs/552042
(Senior) Backend Developer - node.js (Jede*r),tarent solutions GmbH,"Bonn, Deutschland",https://stackoverflow.com/jobs/538095
Developer Node.js (m/w/d),Peek & Cloppenburg,"Düsseldorf, Germany",https://stackoverflow.com/jobs/565673
"Full-Stack Developer (JavaScript, Node.JS) - REMOTE",MUFG,No office location,https://stackoverflow.com/jobs/566296
"Full-Stack Developer (JavaScript, Node.JS) - REMOTE",MUFG,No office location,https://stackoverflow.com/jobs/559442
React Native / Node.js Full Stack Developer,Food Revolution Network,"Santa Cruz, CA",https://stackoverflow.com/jobs/565956
Senior Software Engineer - ( Nodejs & Reactjs) (Developer Portal) (f/m/d),Delivery Hero SE,"Berlin, Germany",https://stackoverflow.com/jobs/566414
"Senior Software Engineer - TypeScript, Node.js - Australia/ New Zealand",Octopus Deploy,No office location,https://stackoverflow.com/jobs/529032
"Senior NodeJS Engineer - NY, LA, Seattle (contract)",econify,"Seattle, WA",https://stackoverflow.com/jobs/270802
Senior Full-Stack Engineer with Node.js - Tradeshift Go,Tradeshift,"Bucharest, Romania",https://stackoverflow.com/jobs/526924
"Senior Developer (React, Node.js) (m/f/d)",Ziegert EverEstate GmbH,"Berlin, Deutschland",https://stackoverflow.com/jobs/394267
UK-Based Remote Full Stack Web Developer (Angular / NodeJS / AWS),WUSTL International,No office location,https://stackoverflow.com/jobs/518475
REMOTE Techlead / Principal Engineer Node.js @Global Culture Platform (m/f/x),"AVANTGARDE - ""Creating Fans""",No office location,https://stackoverflow.com/jobs/538107
Full Stack Developer (f/m/x) React & Node.js,Cosuno,"Berlin, Germany",https://stackoverflow.com/jobs/354357
Principal Full Stack Developer (f/m/x) React & Node.js,Cosuno,"Berlin, Germany",https://stackoverflow.com/jobs/522359
*REMOTE* React.js (Node.js) TypeScript FE/FS Engineer (m/f/x)-Global Marketplace,"AVANTGARDE - ""Creating Fans""",No office location,https://stackoverflow.com/jobs/433429
Node.js Developer for high-scalable CRM Tool  (m/f/d) - onsite or remote within,ABOUT YOU SE & Co. KG,No office location,https://stackoverflow.com/jobs/236387
Engineering Manager (f/m/x),Zenjob,"Berlin, Germany",https://stackoverflow.com/jobs/553614
Mobile React Native Developer (Remote),Soshace LLC,No office location,https://stackoverflow.com/jobs/566209
Frontend React.js Developer (Remote),Soshace LLC,No office location,https://stackoverflow.com/jobs/566207
Senior Java developer (Primefaces) | Lisboa,Wondercom,No office location,https://stackoverflow.com/jobs/552565
Developer Advocate,"Zeplin, Inc","San Francisco, CA",https://stackoverflow.com/jobs/549154
(Senior) React Frontend Engineer - Core Functionality / all genders,Elinvar GmbH,"Berlin, Germany",https://stackoverflow.com/jobs/562577
Senior Backend Engineer (all genders),Elinvar GmbH,"Berlin, Germany",https://stackoverflow.com/jobs/548851
Fullstack Engineer (f/m/x),Zenjob,"Berlin, Germany",https://stackoverflow.com/jobs/552354
Senior DevOps Engineer,Zenjob,"Berlin, Germany",https://stackoverflow.com/jobs/552356
Full-Stack Senior Software Engineer,Automation Consultants,"Reading, UK",https://stackoverflow.com/jobs/516019
(Senior) Full-Stack Software Engineer for 20 Minuten news platform (f/m/d) 80-10,TX Group,"Zürich, Switzerland",https://stackoverflow.com/jobs/558879
Backend Engineer - Senior,Busuu,"Madrid, Spain",https://stackoverflow.com/jobs/559393
Full-stack Typescript Software Engineer,Crazy Games,No office location,https://stackoverflow.com/jobs/296971
Senior Full Stack Software Engineer,kaliber.ai,"San Francisco, CA",https://stackoverflow.com/jobs/251476
Backend developer (Python/Django) with a passion for open source,5 Monkeys Agency ABvia5 Monkeys Agency AB,"Stockholm, Sweden",https://stackoverflow.com/jobs/565994
Fully Remote Senior or Staff Software Engineer - Platform9,Platform9viaSource Coders,"Mountain View, CA",https://stackoverflow.com/jobs/566389
Backend developer (Python/Django) with a passion for open source,5 Monkeys Agency ABvia5 Monkeys Agency AB,"Göteborg, Sweden",https://stackoverflow.com/jobs/565993
Backend Engineer - Remote/On-Site,eLearning Industry,"Athens, Greece",https://stackoverflow.com/jobs/566140
Software Architect / Code Reviewer / Mentor - Part-time,Arcanys,No office location,https://stackoverflow.com/jobs/485542
"Senior Software Engineer, Javascript",Versus Systems,No office location,https://stackoverflow.com/jobs/556182
Engineering Manager (f/m/x),Cosuno,"Berlin, Germany",https://stackoverflow.com/jobs/550527
"Senior/Front End Engineer, APAC",Coda Payments,No office location,https://stackoverflow.com/jobs/557316
(Junior) React Front-End Developer,Jacando AG,"Basel, Schweiz",https://stackoverflow.com/jobs/565270
Full-Stack JavaScript Developer (Remote),X-Team,No office location,https://stackoverflow.com/jobs/534446
JavaScript Software Engineer / Contract,ZenitechviaInvest Lithuania,"Vilnius, Lithuania",https://stackoverflow.com/jobs/556108
Scala Developer (m/w/d),Peek & Cloppenburg,"Düsseldorf, Germany",https://stackoverflow.com/jobs/565649
Full-Stack Junior Software Engineer,Automation Consultants,"Reading, UK",https://stackoverflow.com/jobs/516045
Backend Engineer - all levels at sustainable start-up (m/f/x)-Munich or Remote,FINN,"München, Germany",https://stackoverflow.com/jobs/331741
Full Stack Developer (JavaScript),kevinviaInvest Lithuania,"Vilnius, Lithuania",https://stackoverflow.com/jobs/543985
Senior Backend Developer (f/m/d),HOMELIKE INTERNET GmbH,"Köln, Deutschland",https://stackoverflow.com/jobs/522556
Backend Developer E-Commerce (m/w/d),Peek & Cloppenburg,"Düsseldorf, Germany",https://stackoverflow.com/jobs/565671
Senior React Engineer / Mobile Software Developer (Remote),Branding Brand,No office location,https://stackoverflow.com/jobs/546545
Senior Full Stack Engineer,Versatile Natures,"Tel Aviv-Yafo, Israel",https://stackoverflow.com/jobs/513775
Frontend Developer E-Commerce (m/w/d),Peek & Cloppenburg,"Düsseldorf, Germany",https://stackoverflow.com/jobs/565676
Back-end Developer,InteractioviaInvest Lithuania,"Vilnius, Lithuania",https://stackoverflow.com/jobs/543984
VP Engineering at sustainable start-up (m/f/x) - Brazil/Latin America (Remote),FINN,"München, Germany",https://stackoverflow.com/jobs/445056
"Software Engineer, Full Stack Web",Citymapper,"London, UK",https://stackoverflow.com/jobs/517299
Software Engineer Manager,"Volusion, LLC","Austin, TX",https://stackoverflow.com/jobs/566127
Software Engineer – Frontend / Fullstack (m/f/d) remote or on-site,HolidayCheck Group AG,"Munich, Germany",https://stackoverflow.com/jobs/297720
DevOps Engineer (m/w/d),J. Schmalz GmbH,"Glatten, Deutschland",https://stackoverflow.com/jobs/565933
Informatiker als Fullstack Entwickler Web Development für Audioprodukte (m/w/d),Sennheiser electronic GmbH & Co. KG,"Wedemark, Deutschland",https://stackoverflow.com/jobs/509390
Senior TypeScript and .Net Developer,MapLarge,"Atlanta, GA",https://stackoverflow.com/jobs/482097
Full-Stack Software Engineer,Captivation Software,"Fort Meade, MD",https://stackoverflow.com/jobs/525427
Backend Software Engineer,Impala,No office location,https://stackoverflow.com/jobs/553591
Senior Software Engineer,ZAIKO K.K.,"Minato City, Japan",https://stackoverflow.com/jobs/524414
(Senior) DevOps Engineer (all genders),Elinvar GmbH,"Berlin, Germany",https://stackoverflow.com/jobs/549092
Software Developer*,bTrace Tomorrow GmbH + Co. KG,"Hamburg, Deutschland",https://stackoverflow.com/jobs/565940
Senior Full-Stack Developer (Remote),Slido,"Bratislava, Slovakia",https://stackoverflow.com/jobs/519749
Mid/Senior Mobile Engineer - iOS,Photobooth Supply Co,"Santa Ana, CA",https://stackoverflow.com/jobs/565702
Fullstack Developer,Market Resource Partners,"Belfast, UK",https://stackoverflow.com/jobs/516839
Full Stack Developer (m/f/d) – Product Team,Boehringer Ingelheim,"Wien, Österreich",https://stackoverflow.com/jobs/566017
Join the Crew - Ambitious Fullstack Software Engineer (all genders),Spaceteams GmbH,"Hamburg, Germany",https://stackoverflow.com/jobs/554531
Senior Fullstack Developer for Splicky (DSP) Platform*,Goldbach Group AG,"Berlin, Germany",https://stackoverflow.com/jobs/565771
Senior Front-end / JS Developer (Remote),iubenda,"Milan, Italy",https://stackoverflow.com/jobs/565494
Mid/Senior React Native Developer,Photobooth Supply Co,"Santa Ana, CA",https://stackoverflow.com/jobs/565782
Women in Tech - all levels - at sustainable start-up (f/x) - Munich or Remote,FINN,No office location,https://stackoverflow.com/jobs/565648
Développeur·euse Backend Senior,HomeExchange.com,"Paris, France",https://stackoverflow.com/jobs/545058
Senior Full Stack PHP Engineer (all genders),Goodgame Studios,"Hamburg, Deutschland",https://stackoverflow.com/jobs/566009
Full Stack Developer,Market Resource Partners,No office location,https://stackoverflow.com/jobs/565998
Senior Software Engineer,Linewize by Family Zone,"Abbotsford, Australia",https://stackoverflow.com/jobs/551649
"Arista Networks is hiring Front End Engineer for Dublin office(JS, React+Redux)","Arista Networks, Inc","Dublin, Ireland",https://stackoverflow.com/jobs/482910
Integration Engineer (all genders),AdDefend GmbH,"Hamburg, Germany",https://stackoverflow.com/jobs/566146
"Frontend Software Engineer, Customer Service Platform",ByteDance,Singapore,https://stackoverflow.com/jobs/541573
Senior React Developer - Excel team,Supermetrics Oy,"Helsinki, Finland",https://stackoverflow.com/jobs/566250
Technical Lead PWA (m/f/d),shopware AG,No office location,https://stackoverflow.com/jobs/541482
Full-Stack Technical Lead,SSENSE,"Montreal, QC, Canada",https://stackoverflow.com/jobs/521742
Full-Stack Technical Lead,SSENSE,"Austin, TX",https://stackoverflow.com/jobs/521737
Senior Software Engineer - Full Stack,C2FO,"Leawood, KS",https://stackoverflow.com/jobs/287269
Full Stack Developer,Market Resource Partners,No office location,https://stackoverflow.com/jobs/566002
Technical Success Manager,SignalWire,No office location,https://stackoverflow.com/jobs/566416
Mobile Developer for a US-based consumer goods and food delivery start-up,Pentalog,"Guadalajara, Mexico",https://stackoverflow.com/jobs/555640
Go Developer (Remote),X-Team,No office location,https://stackoverflow.com/jobs/534447
Lead Frontend Engineer,SyncSmart.io (by LyntonWeb.com),No office location,https://stackoverflow.com/jobs/519814
Tech Lead Engineering at sustainable start-up (m/f/x) - Munich/Remote,FINN,"München, Germany",https://stackoverflow.com/jobs/541678
"Senior Frontend Engineer, Cawemo Team - EMEA",camunda,No office location,https://stackoverflow.com/jobs/553117
JavaScript Developer - Location Analytics,Esri,"Redlands, CA",https://stackoverflow.com/jobs/396325
React Native Engineer,Whitespectre,No office location,https://stackoverflow.com/jobs/566331
DevOps - Help an online media platform develop interactive viewing experience,Pentalog,"Guadalajara, Mexico",https://stackoverflow.com/jobs/555642
(Senior) Frontend Engineer | Angular or React | Barcelona,Dynatrace,"Barcelona, Spain",https://stackoverflow.com/jobs/559775
Backend Engineer 80-100% (f/m/d),Homegate,"Berlin, Germany",https://stackoverflow.com/jobs/543690
Senior Fullstack Engineer,Revieve Oy,No office location,https://stackoverflow.com/jobs/560693
Software Engineer – React,LifeOmic,"Indianapolis, IN",https://stackoverflow.com/jobs/519007
Full Stack Engineer,NN Group N.V.,"Den Haag, Netherlands",https://stackoverflow.com/jobs/557647
Backend Developer (m/f/d) TypeScript,Laserhub GmbH,"Stuttgart, Deutschland",https://stackoverflow.com/jobs/563094
Full Stack Engineer,eBay,"Atlanta, GA",https://stackoverflow.com/jobs/556461
"Senior Software Engineer, Full Stack","Qualia Labs, Inc","San Francisco, CA",https://stackoverflow.com/jobs/360349
Senior Backend Developer (m/f/d) TypeScript,Laserhub GmbH,"Stuttgart, Deutschland",https://stackoverflow.com/jobs/513292
PHP-ENTWICKLER (M/W/D),LOGSOL GmbH,"Dresden, Deutschland",https://stackoverflow.com/jobs/565325
Blockchain Integration Specialist (Remote),Bitfinex,No office location,https://stackoverflow.com/jobs/556303
Senior Front End Developer,Which?,"London, UK",https://stackoverflow.com/jobs/524732
Software Engineer,Reaktor,"Lisboa, Portugal",https://stackoverflow.com/jobs/553136
Javascript & PHP Entwickler(in) für spannende Webapplikationen,4eyes GmbH,"Basel, Schweiz",https://stackoverflow.com/jobs/420062
Développeur Angular / Java,Digital4Better,"Paris, France",https://stackoverflow.com/jobs/515925
QA Engineer,InteractioviaInvest Lithuania,"Vilnius, Lithuania",https://stackoverflow.com/jobs/543983
C++ Softwareentwickler (m/w/d),ISO Recruiting Consultants GmbH,"Nürnberg, Deutschland",https://stackoverflow.com/jobs/566159
JavaScript Developer,Ogury,"Paris, France",https://stackoverflow.com/jobs/519021
Backend Developer (PriceAPI) (m/w/d),metoda GmbH,"München, Germany",https://stackoverflow.com/jobs/561556
React Developer - DWH team,Supermetrics Oy,"Helsinki, Finland",https://stackoverflow.com/jobs/565838
Join the Crew - Passionate Senior Software Engineer,Spaceteams GmbH,"Hamburg, Germany",https://stackoverflow.com/jobs/555273
Senior Security Engineer,"Qualia Labs, Inc",No office location,https://stackoverflow.com/jobs/553267
"Senior Software Engineer, Front End",Stardog Union,No office location,https://stackoverflow.com/jobs/566210
Senior Web/Mobile Developer (m/w/d),Lotum GmbH,"Frankfurt am Main, Deutschland",https://stackoverflow.com/jobs/372988
product software engineer,AE nv/sa,"Leuven, Belgium",https://stackoverflow.com/jobs/523550
Senior Software Engineer / Ruby or Elixir/ Remote,The RealReal,No office location,https://stackoverflow.com/jobs/522850
Senior Frontend Engineer | Vue.js,iubenda,"Milan, Italy",https://stackoverflow.com/jobs/565495
C++ Softwareentwickler (m/w/d),ISO Recruiting Consultants GmbH,"Nürnberg, Deutschland",https://stackoverflow.com/jobs/566026
DevOps Engineer,SignalWire,No office location,https://stackoverflow.com/jobs/561307
Software Engineer Frontend/Fullstack - Media & Services Hub (m/f/d),HolidayCheck Group AG,"München, Deutschland",https://stackoverflow.com/jobs/559404
Software Developer (m/w/x),bike-components,"Würselen, Deutschland",https://stackoverflow.com/jobs/566324
Senior Application Security Engineer,"Qualia Labs, Inc","San Francisco, CA",https://stackoverflow.com/jobs/558776
Senior Java Fullstack Developer: contribute E2E from server side to API & the UI,Mimecast,"London, UK",https://stackoverflow.com/jobs/415192
Full Stack Software Engineer,Applied,No office location,https://stackoverflow.com/jobs/566095
Full Stack Mobile Developer (Flutter) (w/m/d),Lotum GmbH,"Frankfurt am Main, Deutschland",https://stackoverflow.com/jobs/526742
Senior Python Softwareentwickler:in (m/w/d),JobRad GmbH,"Freiburg im Breisgau, Deutschland",https://stackoverflow.com/jobs/563123
Festanstellung DevOps Engineer (m/w/d) für aufstrebendes IT-Unternehmen gesucht!,edudip GmbH,"Aachen, Deutschland",https://stackoverflow.com/jobs/530724
"*REMOTE* Principal Engineer Kotlin / Java (High-Load Marketplace, m/f/x)","AVANTGARDE - ""Creating Fans""",No office location,https://stackoverflow.com/jobs/550244
"Lead / Senior Flutter Engineer (App, SDK, OpenSource) Global Marketplace (m/f/x)","AVANTGARDE - ""Creating Fans""","München, Deutschland",https://stackoverflow.com/jobs/528889
Remote Engineering Manager (Full Stack) - Cisco Meraki (MX team),Cisco MerakiviaSource Coders,No office location,https://stackoverflow.com/jobs/566406
Senior Developer,EVS llc,"Westminster, CO",https://stackoverflow.com/jobs/529103
Full Stack Engineer (JS + Ruby),Almanac,"San Francisco, CA",https://stackoverflow.com/jobs/371120
Senior Java / Kotlin Engineer (m/f/x) Order Master (High-Load Marketplace),"AVANTGARDE - ""Creating Fans""",No office location,https://stackoverflow.com/jobs/536837
LEAD INSTRUCTOR - WEB DEVELOPMENT [German speaking ],WBS Gruppe,No office location,https://stackoverflow.com/jobs/529169
"Lead Polyglot Software Engineers – TDD, XP, JavaScript",Pragmateam,"Sydney, Australia",https://stackoverflow.com/jobs/519292
Principal Software Engineer,ProQuest,No office location,https://stackoverflow.com/jobs/566077
LEAD INSTRUCTOR - WEB DEVELOPMENT [full time || part time],WBS Gruppe,No office location,https://stackoverflow.com/jobs/556317
Senior Full-Stack Developer,eBay,"Amsterdam, Netherlands",https://stackoverflow.com/jobs/541472
Developer Advocate,Supermetrics Oy,"Helsinki, Finland",https://stackoverflow.com/jobs/566093
"Sr. Software Engineer, Backend (MTS2)",eBay,"Atlanta, GA",https://stackoverflow.com/jobs/556185
Software Architect Lead,WeLab Bank Limited,Hong Kong,https://stackoverflow.com/jobs/565713
Staff Software Engineer,"SocialChorus, Inc.",No office location,https://stackoverflow.com/jobs/551470
Senior Backend Developer (m/f/d),Enote GmbH,"Berlin, Deutschland",https://stackoverflow.com/jobs/565938
"Remote Polyglot Software Engineer – TDD, XP, JavaScript",Pragmateam,No office location,https://stackoverflow.com/jobs/523004
"Experienced DevOps Consultant, GitLab/GitHub",Eficode Finland,"Helsinki, Finland",https://stackoverflow.com/jobs/559636
Software Developer- DealerBreacher,AutoTrader,"Toronto, ON, Canada",https://stackoverflow.com/jobs/529016
Frontend Engineer 80-100% (f/m/d),Homegate,"Berlin, Germany",https://stackoverflow.com/jobs/543689
Site Reliability Engineer,HomeStars,No office location,https://stackoverflow.com/jobs/560072
Senior React Engineer,RV LIFE,No office location,https://stackoverflow.com/jobs/565949
"Senior Software Engineer, Elixir",Versus Systems,No office location,https://stackoverflow.com/jobs/556907
Software Engineer in Test,iptiQ by Swiss Re,"Hoofddorp, Netherlands",https://stackoverflow.com/jobs/471198
Software Engineering Manager,LINQ,No office location,https://stackoverflow.com/jobs/566130
Azure Full Stack Developer,Innofactor Plc,"Espoo, Finland",https://stackoverflow.com/jobs/517279
Sr. Full Stack Engineer (JS + Ruby),Almanac,No office location,https://stackoverflow.com/jobs/543500
Senior PHP Developer,Bluebird Day B.V.,"Breda, Netherlands",https://stackoverflow.com/jobs/504916
Remote Experienced Frontend Engineer - React,"TheoremOne, LLC",No office location,https://stackoverflow.com/jobs/562427
Senior Developer,American Logistics,No office location,https://stackoverflow.com/jobs/522889
Full Stack Developer,Rakettitiede,"Helsinki, Finland",https://stackoverflow.com/jobs/522743
Software Engineer,MUFG,"Charlotte, NC",https://stackoverflow.com/jobs/559421
DevOps Cloud Engineer (Kubernetes) - Remote,IG Group,No office location,https://stackoverflow.com/jobs/532885
Lead Software Engineer,Vodafone,"London, UK",https://stackoverflow.com/jobs/533128
Front End Developer - Marketing Development,Gamesys Group,"London, UK",https://stackoverflow.com/jobs/566288
Senior DevOps Engineer (m/f/d) AWS/ Cloud,Motius GmbH,"Belgrad, Serbien",https://stackoverflow.com/jobs/566325
FullStack Developer,Envato Mexico,No office location,https://stackoverflow.com/jobs/524890
Senior iOS engineer - ux + video,SmileDirectClub,No office location,https://stackoverflow.com/jobs/546573
Software Engineer,Which?,"London, UK",https://stackoverflow.com/jobs/524001
Full Stack Software Developer,Limelyte Technology Group,"Spokane, WA",https://stackoverflow.com/jobs/565751
Web Engineer,Numbrs,No office location,https://stackoverflow.com/jobs/524105
Senior Front-end Engineer,Cribl,No office location,https://stackoverflow.com/jobs/552179
QA / Test Automation Engineer (m/f/d),Serrala,"Bukarest, Rumänien",https://stackoverflow.com/jobs/523797
Front-End Engineer,Mixam,"Watford, UK",https://stackoverflow.com/jobs/523992
Principal Backend Engineer,Cribl,No office location,https://stackoverflow.com/jobs/548884
Integration App Product Engineer,SyncSmart.io (by LyntonWeb.com),No office location,https://stackoverflow.com/jobs/519804
Mobile Developer,Chalkboard Software Limited,No office location,https://stackoverflow.com/jobs/562303
Mobile Application Engineer,BET Software,"Umhlanga, South Africa",https://stackoverflow.com/jobs/566270
Fullstack Engineer 80-100% (f/m/d),Homegate,No office location,https://stackoverflow.com/jobs/543686
Full Stack Developer,The Focusrite Group,"London, UK",https://stackoverflow.com/jobs/566176
Sr Backend Software Engineer,eBay,"San Jose, CA",https://stackoverflow.com/jobs/565701
Full-Stack Software Engineer,Marks & Spencer,"London, UK",https://stackoverflow.com/jobs/530982
Tech Lead,Which?,"London, UK",https://stackoverflow.com/jobs/553253
Experienced Software Engineer,Outschool,No office location,https://stackoverflow.com/jobs/550915
Senior Information Security Analyst- 1 year Contract - Remote,Tucows,No office location,https://stackoverflow.com/jobs/522324
Senior Javascript Full-stack Engineer,Didomi,"Paris, France",https://stackoverflow.com/jobs/520680
JavaScript Developer,Chalkboard Software Limited,No office location,https://stackoverflow.com/jobs/562302
Full Stack Developer Audi Commerce Platform (m/f/d),Audi Business Innovation GmbH,"München, Germany",https://stackoverflow.com/jobs/563095
DevOps Lead,Which?,"London, UK",https://stackoverflow.com/jobs/556891
Senior Solutions Engineer - AWS,Capital Group,"Irvine, CA",https://stackoverflow.com/jobs/538629
Full Stack Engineer (m/f/d),Relayr,"Berlin, Germany",https://stackoverflow.com/jobs/544458
"Principal Software Engineer, LogStream Integrations",Cribl,No office location,https://stackoverflow.com/jobs/543621
SRE Lead,Electrolux,"Stockholm, Sweden",https://stackoverflow.com/jobs/559156
Senior Android Developer,Gamesys Group,"Toronto, ON, Canada",https://stackoverflow.com/jobs/565278
Data Science and Analytics Engineer,MITRE,"McLean, VA",https://stackoverflow.com/jobs/523959
Senior DevOps Engineer,Supermetrics Oy,No office location,https://stackoverflow.com/jobs/565891
Software Engineer,MITRE,"McLean, VA",https://stackoverflow.com/jobs/523956
Senior DevOps Engineer,Supermetrics Oy,No office location,https://stackoverflow.com/jobs/559002
DevOps Engineer - Location Flexible,"Volusion, LLC","Austin, TX",https://stackoverflow.com/jobs/449663
Engineering Manager,NN Group N.V.,"Den Haag, Netherlands",https://stackoverflow.com/jobs/557648
Senior Software Engineer,Administrate,"Edinburgh, UK",https://stackoverflow.com/jobs/522939
Senior Software Engineer,Administrate,No office location,https://stackoverflow.com/jobs/522940
Senior Front-end Software Engineer,eBay,"London, UK",https://stackoverflow.com/jobs/565862
Senior Fullstack Engineer,AMBOSS,"Berlin, Germany",https://stackoverflow.com/jobs/557771
Senior Software Engineer,Administrate,No office location,https://stackoverflow.com/jobs/522941
Full Stack Engineer (m/f/d),Relayr,"Katowice, Poland",https://stackoverflow.com/jobs/544460
Software Engineer 3,eBay,"Portland, OR",https://stackoverflow.com/jobs/554911
Senior DevOps Engineer,Revieve Oy,"Helsinki, Finland",https://stackoverflow.com/jobs/554528
Java Software Engineer (f/m/d) - FTC,eBay,"Kleinmachnow, Germany",https://stackoverflow.com/jobs/530521
Senior Javascript Developer / Tech Lead,Insites Digital,"Hitchin, UK",https://stackoverflow.com/jobs/531166
Engineering Manager,Impala,No office location,https://stackoverflow.com/jobs/553590
Engineering Manager,Impala,No office location,https://stackoverflow.com/jobs/555932
Java Software Engineer (f/m/d),eBay,"Kleinmachnow, Germany",https://stackoverflow.com/jobs/565714
Sr. Software Engineer (Full stack Java),MUFG,"Charlotte, NC",https://stackoverflow.com/jobs/559425
Engineer Onboarding & Authentication,NN Group N.V.,"Den Haag, Netherlands",https://stackoverflow.com/jobs/557646
Senior Software Engineer,eBay,"London, UK",https://stackoverflow.com/jobs/559170
Computer Scientist - Development Programs - Entry/ Mid-Level,National Security Agency,"Fort Meade, MD",https://stackoverflow.com/jobs/565896
Senior Backend Developer - Node (Remote),Bitfinex,No office location,https://stackoverflow.com/jobs/556300
Frontend Engineer - all levels at sustainable start-up (m/f/x)-Munich or Remote,FINN,"München, Germany",https://stackoverflow.com/jobs/519612
Senior Backend Architect (m/f/d),Motius GmbH,"München, Deutschland",https://stackoverflow.com/jobs/565858
Senior Full-Stack Software Engineer,NOW Payment Services Provider LLC,"Dubai, United Arab Emirates",https://stackoverflow.com/jobs/559758
Senior Software Developer,SSENSE,"Montreal, QC, Canada",https://stackoverflow.com/jobs/521747
Senior Software Developer,SSENSE,"Toronto, ON, Canada",https://stackoverflow.com/jobs/521748
Front-end Developer at a fast-growing scale-up,Channable,"Utrecht, Netherlands",https://stackoverflow.com/jobs/308755
Site Reliability Engineer (all genders),AdDefend GmbH,"Hamburg, Germany",https://stackoverflow.com/jobs/566143
iOS Engineer,Outschool,No office location,https://stackoverflow.com/jobs/565872
Senior Software Developer (Remote - Texas),SSENSE,No office location,https://stackoverflow.com/jobs/528661
Software Engineer - Build the next generation of AI platform,Signal AI,"London, UK",https://stackoverflow.com/jobs/246027
Go Developer (Remote Asia-Pacific),X-Team,No office location,https://stackoverflow.com/jobs/565942
"SENIOR FULL-STACK DEV WITH RUBY / PYTHON / REACT NATIVE -- 100% REMOTE, FLEXIBLE",Analytics Fire,No office location,https://stackoverflow.com/jobs/517987
Senior Software Engineer,uShip,"Austin, TX",https://stackoverflow.com/jobs/537938
JavaScript Software Engineers (Front End and Full Stack),Genesys,"Durham, NC",https://stackoverflow.com/jobs/535333
"Lead Fullstack Developer (Typescript, NestJs, Angular, Autonomous Robots)",Cartken,"Munich, Germany",https://stackoverflow.com/jobs/559620
Software Full Stack Engineer,Singapore Innovate Pte. Ltd,Singapore,https://stackoverflow.com/jobs/565596
REMOTE Techlead React (TS) Frontend (m/f/x) - Global Marketplace Solution,"AVANTGARDE - ""Creating Fans""",No office location,https://stackoverflow.com/jobs/498049
Senior Software Engineer - tripleup.com,Triple for Numo,"Pittsburgh, PA",https://stackoverflow.com/jobs/545291
Full stack software engineer,Ailo,"Melbourne, Australia",https://stackoverflow.com/jobs/372382
Technical Lead (Vue.js),Coda Payments,"Mumbai, India",https://stackoverflow.com/jobs/550601
Web Engineer,Signal AI,"London, UK",https://stackoverflow.com/jobs/273615
JavaScript Engineer,LeoVegas Mobile Gaming Group,"Stockholm, Sweden",https://stackoverflow.com/jobs/386114
Senior AWS Engineer,iFit,No office location,https://stackoverflow.com/jobs/488303
Full Stack Engineer (React & Django),Sector Labs,"Cluj-Napoca, Romania",https://stackoverflow.com/jobs/518486
Developer Frontend/ Backend/ Fullstack m/w/d,MARC O'POLO International GmbH,"Stephanskirchen, Deutschland",https://stackoverflow.com/jobs/519513
Ruby Developer,Vodafone,No office location,https://stackoverflow.com/jobs/560706
Sr. Full Stack Engineer,"SocialChorus, Inc.",No office location,https://stackoverflow.com/jobs/523481
Security Engineer,Outschool,No office location,https://stackoverflow.com/jobs/566357
Frontend Developer m/w/d,MARC O'POLO International GmbH,"Stephanskirchen, Deutschland",https://stackoverflow.com/jobs/534473
"Solutions Architect, Advisory","Jack Henry & Associates, Inc.®",No office location,https://stackoverflow.com/jobs/545373
